<?xml version="1.0" encoding="UTF-8"?>
<project-private xmlns="http://www.netbeans.org/ns/project-private/1">
    <editor-bookmarks xmlns="http://www.netbeans.org/ns/editor-bookmarks/2" lastBookmarkId="1">
        <file>
            <url>src/java/dao/VehicleOwnerDAOImpl.java</url>
            <bookmark id="1">
                <name/>
                <line>51</line>
                <key/>
            </bookmark>
        </file>
    </editor-bookmarks>
    <open-files xmlns="http://www.netbeans.org/ns/projectui-open-files/2">
        <group>
            <file>file:/D:/CropGro/CropGrow/CropGrow/web/Admin.jsp</file>
            <file>file:/D:/CropGro/CropGrow/CropGrow/src/java/dao/AdminDAOImpl.java</file>
            <file>file:/D:/CropGro/CropGrow/CropGrow/src/java/dao/MachineTypeDaoImpl.java</file>
            <file>file:/D:/CropGro/CropGrow/CropGrow/src/java/controller/AddCategoryServlet.java</file>
            <file>file:/D:/CropGro/CropGrow/CropGrow/web/Login.jsp</file>
            <file>file:/D:/CropGro/CropGrow/CropGrow/src/java/dao/VehicleDAOImpl.java</file>
            <file>file:/D:/CropGro/CropGrow/CropGrow/src/java/controller/EditCategoryServlet.java</file>
        </group>
    </open-files>
</project-private>
